model_name,model_type,languages,accuracy,f1_score,model_size_M,training_time,efficiency_score
distilbert-base-uncased-finetuned-sst-2-english,english_baseline,1,0.9025229357798165,0.9024375488612575,66.95501,300.9360167980194,4.478781850963335e-05
cardiffnlp/twitter-xlm-roberta-base-sentiment,multilingual_sentiment,100,0.8738532110091743,0.8737142557352445,278.045955,925.7017409801483,3.3945464823290987e-06
xlm-roberta-base,multilingual_base,100,0.8589449541284404,0.8587290578174502,278.045186,926.5882179737091,3.333143450253361e-06
microsoft/Multilingual-MiniLM-L12-H384,multilingual_efficient,100,0.805045871559633,0.8046085724236852,117.65453,361.14776492118835,1.893612320430871e-05
